feature,p-value,effect_size,q-value,in_group_gene_effect_mean,out_group_gene_effect_mean
FLOT1,6.1379531974066615e-09,-2.221693972033107,4.7323619152005365e-06,-0.5056903756394541,-0.09887261987069419
POLQ,0.001108182611649985,-1.2399629992666517,0.06746714957610855,-0.6047700881511854,-0.35696024117642317
KLF5,0.001928332719563116,-1.1786840016020748,0.07820638457868297,-0.7581600825018222,-0.25954199385124765
NXT1,0.0018191712216022733,-1.1852560396450273,0.07820638457868297,-1.1277581834858283,-0.5153216596880235
