feature,p-value,effect_size,q-value,in_group_gene_effect_mean,out_group_gene_effect_mean
PPCDC,9.4757849275644e-09,-2.881558033690591,7.315305964079717e-06,-0.8037775054758173,-0.03274685364599876
SREBF1,3.910466950841415e-06,-2.1945912864771002,0.0010062934953498576,-1.3139435804305897,-0.30826205991243283
CYB5B,2.5001362784006307e-05,-1.9715113140236862,0.004825263017313217,-0.8935369562685699,-0.3422998916377931
