feature,p-value,effect_size,q-value,in_group_gene_effect_mean,out_group_gene_effect_mean
CCND3,1.6642589973845004e-06,-2.1445096129367434,0.0012848079459808343,-0.6145788568180561,-0.2194062828785714
FLOT1,0.00011996111374989728,-1.658738307031601,0.0343423567825686,-0.5056903756394541,-0.11433346912052518
NXT1,0.00013345475433640646,-1.6459371280496582,0.0343423567825686,-1.1277581834858283,-0.4099117586965026
POLQ,0.00018035745290185507,-1.6095160620411753,0.03477234799834535,-0.6047700881511854,-0.30058698602061634
