feature,p-value,effect_size,q-value,in_group_gene_effect_mean,out_group_gene_effect_mean
TGFBR1,2.1970758359757808e-05,-2.157139655559257,0.014626237276569707,-0.61895784736873,-0.08333937280726242
TUBB4B,3.78918064159837e-05,-2.084297729594562,0.014626237276569707,-1.2824923468998004,-0.47127773798119205
