feature,p-value,effect_size,q-value,in_group_gene_effect_mean,out_group_gene_effect_mean
CTNNB1,2.1708630610785578e-05,-3.5283594701873477,0.004526249482348793,-1.4022142773878477,-0.3206713819878342
TUBB4B,0.0001897890048796648,-3.0092143946418726,0.019785503758705057,-1.8200837833163077,-0.5526218426568319
