feature,p-value,effect_size,q-value,in_group_gene_effect_mean,out_group_gene_effect_mean
HNF1A,4.137143928958069e-06,-1.7738548271982784,0.003189737969226671,-0.4743384332388825,-0.053198034297241965
SLC25A28,1.6623964931265295e-05,-1.6380273092515043,0.0051699582808630564,-0.5261441600046267,0.018471173287902074
FOXA2,0.00024532602353849426,-1.3619033866741408,0.04728659103704477,-0.4393355890794049,-0.12353118958804893
