feature,p-value,effect_size,q-value,in_group_gene_effect_mean,out_group_gene_effect_mean
ITGAV,2.2756216942918814e-07,-1.6277151811617978,0.00017545043262990405,-1.037862705435602,-0.419616611863586
TXNDC17,1.0968119448434663e-05,-1.3343509867289314,0.004228210047371563,-0.37196250749740717,-0.14762328687975187
ELMO2,2.2937594528392474e-05,-1.2763495021053664,0.005894961793796866,-0.6758441351313913,-0.20357762088000644
