feature,p-value,effect_size,q-value,in_group_gene_effect_mean,out_group_gene_effect_mean
BRAF,5.974354884261848e-14,-8.463330447884935,2.9979312809225954e-10,-1.6447046129617036,-0.10406456659903546
MAP2K1,4.482401646442916e-10,-6.084114278583881,1.1246345730925275e-06,-1.0611890918051228,-0.14086913523549435
TLN1,1.5911490224989228e-06,-4.13937087972645,0.0026614619316331985,-1.4171512666174553,-0.40773382990998847
MAPK1,7.0530153437936185e-06,-3.7922516835940825,0.008848007748789095,-1.3907925889076798,-0.244147606897104
HDAC7,2.261415094472444e-05,-3.51871876527754,0.022695561888125448,-0.6485219680279295,-0.1459909870917341
RAD54L,3.6647582738764636e-05,-3.4044973974169075,0.03064959503052016,-0.6156534440891721,-0.1567841225704057
