feature,p-value,effect_size,q-value,in_group_gene_effect_mean,out_group_gene_effect_mean
CTNNB1,9.759774078707812e-06,-2.7018128670978494,0.0489745463269558,-1.1040328991256478,-0.2929468026235134
