feature,p-value,effect_size,q-value,in_group_gene_effect_mean,out_group_gene_effect_mean
FGFR2,7.534536320405399e-10,-4.930030839216349,3.7808303255794286e-06,-0.5307588231479841,-0.023253499122512723
FOXA2,1.0409351918173428e-08,-4.403560077918352,2.611706396269713e-05,-0.5725682566871871,-0.06680654498798073
AAAS,8.908020597745122e-08,-3.9831657511526606,0.00014900149119828341,-0.8335937224145541,-0.1234911888461389
NMNAT1,2.4505506579101004e-05,-2.8969566378871185,0.03074215800348221,-0.9990236634524076,-0.2726436964380688
