feature,p-value,effect_size,q-value,in_group_gene_effect_mean,out_group_gene_effect_mean
KRAS,6.064437373361784e-08,-2.2938281582217606,0.0003043134673952943,-1.8504943186573268,-0.6610582213114988
